{"version":781,"hash":{"type":"Buffer","data":"mAXYG2czN7lQHW5AXCkZ4ofUxtKR42T7ThOyCL8zXlmly1d2n7+tyz2PFDABwypP0Ef53/TyR/uNX+ah6oyfFDIZMYl/GcpxCl/pKskSSZpqfBxxEiGZ/TB8UPNd/HRhRWWZ+BV4fVMilmWUU/QODoIO7MZ9mdzji84wINSVxlI="},"indexValueMap":{"CDpZu9qmO0Gpjpv7tvvaYa+K/C2l7QjJuGKGuyXILDw=":{"valueMac":{"type":"Buffer","data":"jHm7zRUqK5kqxnXPJvwAHx/IpNhgdeKJh0dIftX6F0Q="}},"CfHXKYfLrTR6iivXw26HE1j+zuIPDewMvkTG3IPtPqU=":{"valueMac":{"type":"Buffer","data":"g5alREkmidjitQ8ULIbBoRdkEQmxKtw1G/LhxIYtH+k="}},"CxjNqZTwp3T1TcytJGMknbdafrr2TA0vDNz23Lp/WTE=":{"valueMac":{"type":"Buffer","data":"tneTgkR/gZ/GxbzkfYOWevEVw2qvkxXpnhMbRhS93CY="}},"Dke47+tlLTGKPitVVf1MplPVymj0CaX7CLiVT4OtGok=":{"valueMac":{"type":"Buffer","data":"lNFLF4rewRytV32nPLYl4GTw2DQYTANTA/eYNZzQr+c="}},"D8aJdGB1Cp0ALrcIqYXXqmQT8IJayJCxYu8t2i8FDvY=":{"valueMac":{"type":"Buffer","data":"n1YgaGfNzd4NBnW5wRzbhTI0TrEfTNBXUO5pKcBTn30="}},"EEhs6+MZoxGZdI1zb2P3vSW1SOeIznV/2DDz98M5Kto=":{"valueMac":{"type":"Buffer","data":"pzpGizuuWJ8nXbaiEWs0rjJoSZzuzdLFrCnc0mqjBkw="}},"EMcHjqh6ezR8eBOFTehM+ICjTL5MFQqVIvRwNnHCwFw=":{"valueMac":{"type":"Buffer","data":"uoa9dFxCf+GXdV+YwNa/F+mdFfDe74WeYoEA1HLgzO0="}},"E5ZV3t60pFx+u7r9j1PRy4tSlQzuCZdfAqQ+sKAZR80=":{"valueMac":{"type":"Buffer","data":"9dv9u9zcq4TSLlBMVFLp7aZHQry3V1Fa6SjnMtcJ1AI="}},"FZCfY2RVkPOJ4Y1PIKwRZa35AJEdWdtIQuBSuM2YFrk=":{"valueMac":{"type":"Buffer","data":"8Zs3X2l+E0ZCxMa1uUYJF1XBVWJv4D2uo8W4h/pNmd0="}},"HBn4UZ5RaG5VY0MrnU+b+v8bd0/gTa7a8YlPZU1AjfY=":{"valueMac":{"type":"Buffer","data":"F0gGavezM6dz0GgPwOcRy+wJ2ZUtnXclXhYjo5++fWE="}},"Hj82PufJULxhHaf05BIH75gII4Iv0NhqvTv8yM+p9rs=":{"valueMac":{"type":"Buffer","data":"J6wStWUaAagJZiUe7B0s/m3TXwdNGAqEtY+xMnXh7ow="}},"H+Hk/4LQ+oMTN9dF3Db9nTJIpro/g5CFMVXRHap7TIQ=":{"valueMac":{"type":"Buffer","data":"4lABf/LbXtRpJNM2jkbspzYD4bI20cj9MxgR/41ZmUM="}},"IEE8XhJZWaZWMXx7MsKEZbgpG9STcETSSJ+j9VpZcEs=":{"valueMac":{"type":"Buffer","data":"jiaDpgVHI6MOqESmcc1dGjyxdqfYWBR5NszVWGNz/Hw="}},"Joc3AcnKFIW3ggErZGN9pyG8nqaIR0mn8TDuulPGmTE=":{"valueMac":{"type":"Buffer","data":"20BZjpt9u3oxo7KK29M35dD0kdIej4xOreJSWCzwLIg="}},"KkuryN9168FLa5FQy5z8PU+KazE8hfIWo0sX46b3r+o=":{"valueMac":{"type":"Buffer","data":"LnSwQ/3s88GNyRL4UKR5z15q1H8fAnwzfqpgK1To1Os="}},"LJkZkHyZtxAnEkU2bucix8DeVcDlXnEnDLQL8LMDTKU=":{"valueMac":{"type":"Buffer","data":"NzebKuQqsy67G4nmFGgMBy+1220pCSh812KfCAsBJjE="}},"Mv5aUkl717//G40G+Q7jtWy95XqtrG8HQa6K6jlGO1E=":{"valueMac":{"type":"Buffer","data":"QPJUy2j1yqxpFnjj+bpET/PvaRjwIxWY6GMrywYmmFM="}},"NVi9pnxnRtayTcysAg3ZwZ7xpCLAy2XXQQOIn4a1QVI=":{"valueMac":{"type":"Buffer","data":"68BQerY7wgEQ3mvj7oBXPcpya9/XOb6rvegOg969iPk="}},"NWMZ80PCL3mWlNj5OT4tzAai6QIlqBo10nXg9KkEGtw=":{"valueMac":{"type":"Buffer","data":"ViqMUh/K5jaJ+N2IXgHkepd5n0lQFy/bcS0FgTbWGoI="}},"NzMZLbf+CrQb6SQF1H/jVdhCkatWw1dTzw6iWZackWg=":{"valueMac":{"type":"Buffer","data":"N8awqoDa0kV31SanraGYJPKMeTp5fFt8dQRIr4ucYG8="}},"PMrvvMJIzoCdvSIKl6yid8dysnTG3dy0Duqtj/VYcww=":{"valueMac":{"type":"Buffer","data":"HiPyyzcWwirzO5ve29yxgP11lcQP+u8zl1oLA0rgBJE="}},"PXYtla50zkrFOZvTk02sme+5TdHsJqM5hjcpFgIKH8w=":{"valueMac":{"type":"Buffer","data":"D22BOrf7Zbbe9jx1LyGJktCrq06xDfzcsNF9vzuu5so="}},"QZmtrEaKRx0uyFY1OrOlxq4Mx49Hr26UUai66DtzQ0Q=":{"valueMac":{"type":"Buffer","data":"PXyiEueoC5AsBhhNSANk0SGz9Azz/CqcBZ30SZ/HSpo="}},"Rv00RDmQGKfSWXzZQCc6NOBnta/OEwllDCg6iouozyk=":{"valueMac":{"type":"Buffer","data":"rps8uG4EJvHZy8yY+wRCyjcM41C98MiAt2ccPgD06dk="}},"SZrxy+qjRyP4bE4oyXWXw/krmvaU2qQBWcuF2071fII=":{"valueMac":{"type":"Buffer","data":"FDkfB00yRKkaqBIMNB3g6SWUycyQ0+238LzzsiPDEc8="}},"TOQJ7mkbRZY7kOJ7JfGbnk00OBLYEp+fKkdwtQsDTtc=":{"valueMac":{"type":"Buffer","data":"j3kGQR/wMjzZ0ju+/HWL4M3M6LCZm7mdXdGp367sH3M="}},"TT0RsqCfu3uyuaQfsr0egXwS9TsX1MoAzYl2xgnnXm8=":{"valueMac":{"type":"Buffer","data":"ZHBO8JG7PjZxhO/ci+Y9zPszuE+U/fBLr+7empS6j3s="}},"U/fdqgzvDFhUU1q8aIsG1HrdYr+9LbSxizC3HRA9920=":{"valueMac":{"type":"Buffer","data":"ub0AX+18BCJqAJNpClzEHEZr2LbQD/I/Nj8lWr8R0GY="}},"X+x7tgwziwCJ9z977PYxs6RevtMS7qIzWsA6TZyJ1oc=":{"valueMac":{"type":"Buffer","data":"phfdxuiVnyKVc9l7YHTActS0q0NdbshlMyJ1XsBWNx0="}},"aHQ5eLIBr6eUDwIFxuM4gyKmP/hTjspdfj1/YjZBVSU=":{"valueMac":{"type":"Buffer","data":"eF3rgjHikUtKmmKhWhWd4MEgOiGbiywE+Nhg/qFyO3w="}},"aOMLSCipAjfDV7+P7G0/z+1C/Pfp0sb/zwhYLWRbH+M=":{"valueMac":{"type":"Buffer","data":"EF2lcxuOaGaslOEAfq1PYaTlQUbVYkTTS43rj7oZznU="}},"aYCLTFD8TMmZkVmGNZELggbFtYe6zxKlORYiI0VplWE=":{"valueMac":{"type":"Buffer","data":"PxyCPSM45uR4CTU/J+cXkNG65Uos0+rw7sB2XjZMiU8="}},"anWQdIla1YQyLycX1IUWNDb6yraabhvz/aiuxSFgJIg=":{"valueMac":{"type":"Buffer","data":"6j44a5eIid2tsuwkGslxWe7ZpylAce6DpIHl34XvpRc="}},"bcJSRfrklxDOscFzxTHtovuwvAnss6uYqA192ONnWqE=":{"valueMac":{"type":"Buffer","data":"bMUcXmBnb3Jlk2JflAwbZKmnM5E1lQveRqR04S2BoQM="}},"bg6o/epfRotf6rNSv7Eo23b/ot/N/v+xBzuENcKfios=":{"valueMac":{"type":"Buffer","data":"5AhAxDu7sVIj+2FycxtZeFOLPi2nlp69wHIFGPtCczg="}},"b9XziBHhYYWkTed2VtzXEeqiClvT/fVCmgQsZc5Uado=":{"valueMac":{"type":"Buffer","data":"MrESExtFejGiIHkgrtGvdL85JZ8PeBISuUq2QiiEWo4="}},"cZWubQoXg5IKrnzWSX/vpfex1y6lcSTEA84smQIFiRM=":{"valueMac":{"type":"Buffer","data":"slw521FuFHt3ycGroxN8s5v60PkMoX5ZOKDZ7+oZeS8="}},"cm+2zcLr9Z7e2TD5z5IT0MzKhv3B8EHMy/D7U6OOefc=":{"valueMac":{"type":"Buffer","data":"we+qiWafBwSYLqUsr87YXR7L8HE513ds0uxm2WNIH1w="}},"dKoYxyrrzNboDLItZNnLA0hEF+QvD7KCSw8rEF9piqU=":{"valueMac":{"type":"Buffer","data":"D/xANGobRgFWLnQ/eLPhA9uvRS/IkJ0w4gcO2YyoL4E="}},"dWog3o6eG0gw7thbtMZIxZFdXrRtKhyI+SSYWzEvkUI=":{"valueMac":{"type":"Buffer","data":"MzvyVu0aiK8oGuNKC4qR3Acs0FyozPXJ7v+jjQr5Voc="}},"durBl+v2EqFd+OB7l3pA91tfH7GqTPuHauFowNmWRL4=":{"valueMac":{"type":"Buffer","data":"c7MhQ4F9Rg4Lrcs3R0jdzevIm25VxRRJJ9tC7CBH0u4="}},"eZOr3WNqBMtiCPQVMdON8Xhz5q1PrtchFcMT1hM4sxM=":{"valueMac":{"type":"Buffer","data":"mFbr42i7nWuc9vgmmwgyeWq7KxcFBV7I6cmwquy41vc="}},"fRJ1F8sExuwjs7GVJ5FnEIJfhRvDlp8Rq7ShIFzSVLs=":{"valueMac":{"type":"Buffer","data":"3Gif+48mty3Lw5EZ+U7EieOGDILWysV8m4ERER+a2Tc="}},"fW6KekUWXMfJrYZnJKpMFD2cmpoy9CZXK7Ay6H8F254=":{"valueMac":{"type":"Buffer","data":"q1++5ebm5l6ENP0EUlBitOfQIQqgo9nF2dH/5eDIyNc="}},"ggPJN8vsjr4RCEiXkg4BQPcofv4w00Tu2Segq/YdgrE=":{"valueMac":{"type":"Buffer","data":"ds5/UQjLKV86WeRLzus3bNJJk69uYYOJ8qc50x/Vfw0="}},"giWcAi63BGOyBzBVYyRx97dXx8FsC0mCi3Wdft9QYA0=":{"valueMac":{"type":"Buffer","data":"PBcuLI66WTSXdWX6XqjuRWXjQkSyFXYdIylDG6yxhT8="}},"hW8JyRc3WT81mZic7wXEIGrwWYowPlQy30NZdpRR37o=":{"valueMac":{"type":"Buffer","data":"6nRj/o7+gO+hmAsRaxlt8M/GUEkJCwcBJK4t3FCKyGI="}},"horFrhf0p2Kanb7YjoFq6rWzusbCy0Ex1RTKC9w4Xok=":{"valueMac":{"type":"Buffer","data":"wfeT4Zp0yeR8FW+K+CmqgTWpJhmsGdDO96YxA1Qeiso="}},"jDLjfXj1Px8/ZA6ZVpfQlbBPV/6CtW4Nj3uS596+FSE=":{"valueMac":{"type":"Buffer","data":"kJW8w4vJhKBh7X6qZTRi/inFqTLlMdqPDq0h2n40hSc="}},"jgvKETBU5Mminkl+zk7h4KyNP+Mnsn0/PxvX3pHp1as=":{"valueMac":{"type":"Buffer","data":"kHYkiJitMPJ0DJI+dYPAc5Lv9i4wByBdh4qperrunFI="}},"jhtYQt/FGDUcD5+6wph/NV+atMdVMNYCXsg0q+tRAGQ=":{"valueMac":{"type":"Buffer","data":"KIKDro+ILzO+rzBAvypykcwrkd9IBLGGb0JEwd4GSJ8="}},"kE4TLSpWI7OAv4221nVlJUv4n1sIKb76Ybk0iIjN3b8=":{"valueMac":{"type":"Buffer","data":"s3QFfizu41Z+FGpBN2XouPe/dwE8i2LT3ze09FibigE="}},"kYvI40Cr7c7MDXSgl7qYwXUhQGZglA89Mhsv8bQHVeA=":{"valueMac":{"type":"Buffer","data":"bIL7o9pcm6YQm3xqPdpwrLsogQ9AqMYVsE8yh5cq3hU="}},"kn3u4c5nfOA0VG/OjKDk0Hq8S7epb1MRmob20fZF+t0=":{"valueMac":{"type":"Buffer","data":"srLhHayTxMlgoGbhlKsJFlfZv0urwSIA46d8viZ+I4Q="}},"lhSrahATONWgY1z5BGTskfSrCHqURBuqG0/p7Acmfpc=":{"valueMac":{"type":"Buffer","data":"fv7mMa07FnqYqUKEoQKZHT92EN9/J/i81uQQp38G4QI="}},"lzI+26QpQdBWF5CB+gLEobvs3mIk/Ed9cWm7F+QTUhg=":{"valueMac":{"type":"Buffer","data":"13wgj2SzCKbVgF7azH8XxSJU4V1rFXSrcGM/aDLAEx4="}},"mnr8jIYtDHwgtEOlgtg6lzQfwEU8iQ4feRduOcAZ8oE=":{"valueMac":{"type":"Buffer","data":"271wa/RfoXD3inaB1oVftOpDlJAtoIATj/G6JgQFGZ0="}},"m4U4e5s4YlJx/JDaQM4PRU83Mn5HJVlWGYTPCleCSz0=":{"valueMac":{"type":"Buffer","data":"DoNCNH41N4cvTXysN1mbh2ctVQW5fhgSUEa4X8cIwlo="}},"nA3aGl7IljOo5nFVeHo0zI8V2hHdeXUR7prl1u1X1HQ=":{"valueMac":{"type":"Buffer","data":"usq1EVh7Es/ayCAw2rARMQsJ3Fj0f3hbb+o4RO53ts0="}},"nSVEDM9ZeSw3/uLlUGCWvFOTqn2VRNi0kBCIuuJW2kQ=":{"valueMac":{"type":"Buffer","data":"uxnnhP1b4qceSSYngRvEnlymIG+qm4813e0w9ZOA8lM="}},"ngBwLg8mv1/eop/dH2tZH8HHGExtT1b65yXxCBjcqyw=":{"valueMac":{"type":"Buffer","data":"AlCb/1CMWvX+e+BT1cM4CSXOlNYHEFuXmsoPrbqlcaU="}},"nkupXuW3P52ION1Ic0vjQ0KFIv31UWDAaW6wUbAeYCM=":{"valueMac":{"type":"Buffer","data":"iegoNFMo7I8SktlQHPS+kUloIpMohl2anVXOCfYsc8U="}},"n043EV2yX4scIMu91gQZ37lMrnEPVWhijHsnXmNb5Vg=":{"valueMac":{"type":"Buffer","data":"oOGLLuwn5AFS6wbk+PsdILGEhtQ3nbJThyVaJ6C9Wr8="}},"oAegeNswofjOl2//FKJntmb74Wc/IMc4p2OeX55RjCc=":{"valueMac":{"type":"Buffer","data":"/PA7euJYx+ExTUGoaBPJ3TcEJc7gRfvjQ0K7eQZEz6w="}},"oOU1WyBKIAjVBpvf942NjmVgkuUOFskP1Px7Mdj7/7s=":{"valueMac":{"type":"Buffer","data":"XdpeGkAR66NaoHgoByH5hyqRve8Po57iD+daPpwjGpE="}},"oR75C3hnC5NWfBY9n3BHsDTs9kBwNzhx60aqPKzdVtA=":{"valueMac":{"type":"Buffer","data":"2ssvQhnmwkj7t6HkyajskzxUmHGwZ2AMxHQl0OIaL4M="}},"of0GXdCIBYKiCzIaYkPuhZrm4/iMYV8su4ux1XWwHFo=":{"valueMac":{"type":"Buffer","data":"/JkVSfWFyGnCl90ab4u4adNIm9xIBQWGCKh7cArRoMU="}},"o2J+yoJLpe0ErohHFdtij6L98MPpaLyKPhc4xv8Ijgc=":{"valueMac":{"type":"Buffer","data":"zdxUR3k9jbzVPheGt0ZcqiQcuYY46JXuKOTHbkzVQzk="}},"o38o6fZ1Jv149RXP7tcW7MxNni7TCO2in4ENjZ0M2bg=":{"valueMac":{"type":"Buffer","data":"YagzhCeGgrCZlgfT9pNv46QymrHJsCmc40kKMvFVnx8="}},"p8KB3+dFGM5raqUD22mvaJm/nBN3H/JxZdDRWr+VjYQ=":{"valueMac":{"type":"Buffer","data":"tbTsEkyQZp/cOuw8+nLtxjndJXdEw8IJNDvllbR1/38="}},"qmW8Y2XsPYEPvjGm5ZTmwWHNlTR5YS9nHyWHXAG2/co=":{"valueMac":{"type":"Buffer","data":"C8Nyrf3BmGa40EJ1HmaU4xz3rpn73sn3UExWr0HZW/o="}},"qqEn6W2BC0rLRS7R8PV1SFxs1x+AdRMWQFUcKKfqYDM=":{"valueMac":{"type":"Buffer","data":"4PT8XwGtci8hRu2smsQODbMe2e4rxAnRGgRTNnwKYSs="}},"rPv+eIfZhz+iMF49wxMFOa4mV55CDAEPAUimHCLD8ZQ=":{"valueMac":{"type":"Buffer","data":"SuCFTzMGrFTwyxEniqukpSIOeaTZdjL5cmSDr1wJ8EI="}},"rfo3/MbnrIzyBViAVv5apa1uSrnkiuPh/0I2F6lFQ44=":{"valueMac":{"type":"Buffer","data":"pWwu/b58gUF2qq3sqHU7N/snwsx8u8Op6dHrsuZxqrU="}},"roBeL362cXGafn19zRnu50OYMf4ZljAtutptZQD9FmQ=":{"valueMac":{"type":"Buffer","data":"yK4l3WoYLnzCLlp85/wDGI+cfX9F2ZBsraUMgtyDQGo="}},"sXzc3EKAyfUW0VfBuMRjmgub/GHCFmrEEUJS+stDpbE=":{"valueMac":{"type":"Buffer","data":"1z7HJ7l7kDN6eNgTiJ4XnmB5AfqmQH5ZcV+2G8sYkg8="}},"tB8Jo3xavjob7OJqbs5zg/03gxny4x9xv1zzMg9kBAk=":{"valueMac":{"type":"Buffer","data":"4DfpxrzrKIl5FcI1d5GoRiKdmLV4MzvLmsSCAyik+OQ="}},"tOVpZ9Fsmlcpikt69Ha71FTzt24RNOJDHTHUZnOK7d4=":{"valueMac":{"type":"Buffer","data":"Ww4dwg+fSj7iVL/gvhbcN3oA8Go4GS0mXCRHFH7gqu4="}},"tmm3mM9Ullt1UUIvW2xepgP/lQX1dx7Rhhi05Hbo/bY=":{"valueMac":{"type":"Buffer","data":"HvT9+/kjztK7CeED9XvDttNQGSw3m9UZK92pDJAihh4="}},"ughWhIoTIN9dUz4KndNzTBXaM2HtFI/gqqDwKpV0bFM=":{"valueMac":{"type":"Buffer","data":"zSgqNJ+P1gsggJRhdFv2MzmgCRgbuEIHsmQV+2awi14="}},"u85YC8jyW+cMqwFbK6ixog27jlOKvfMTX/ouXZs22bg=":{"valueMac":{"type":"Buffer","data":"vXyW7Sicqm8LDmiHhaQw3csj+3vWp2kpzsb+KTbaSMk="}},"vBTQVer3Gl4mrLWl5Yq+6QulvvyCPWLGz5fR8HEIeAY=":{"valueMac":{"type":"Buffer","data":"gKUBHGRxEIFDDVBiXKlXVuuq7RdjqHEIXdHdMLLO1OY="}},"vsXhh6cgUEQizsKqkLfcaQz/zT+nrGJF/OeoQa0/Ys0=":{"valueMac":{"type":"Buffer","data":"wrpR5Fh7gK/hA8xkrT5H57lixyUb9dnU/4laCY5yb+U="}},"wD9kdhTrKzzp4xf6jejVFQwOlHmHRK25rw0IPOK/hv8=":{"valueMac":{"type":"Buffer","data":"Y8/KMo0GNtcFtaFDooUmyAOfnr7iUr1ID8efwO9fEyg="}},"wicWbC6alPaGAPCay+h1KCB6Plm9qk+0iVpILAwyiEE=":{"valueMac":{"type":"Buffer","data":"CIi7RJ8DMtotJo0rpFopHJ0wr91KJXe5UBvV0JN62Yo="}},"wj+5QXjz7X9uofKtO10p6GajP4mvSSwfZFA9xi7Khag=":{"valueMac":{"type":"Buffer","data":"zbtyxjkbcDBfBbgMwBI6dMq6sXaIYrOaSChnOXc/qoY="}},"xr0EfIVHVLS5fDfCP5Zavj6q1vdUuGMYkE1W9HHJ1CY=":{"valueMac":{"type":"Buffer","data":"pgfHOWWmZAhpOgcyTHlPA7iQ+V1tZorWsxtpg2mlEFI="}},"ym/jL266/DAp8juqDNFW/c0dTCI5rT4tJpFOvvWkuQI=":{"valueMac":{"type":"Buffer","data":"Mc7Lhl6MnEJKPTzSULeUMm6w4TM38RYg3o+RQW7ci6c="}},"yswQrO4hkgRsQssSdAiEPeqorEcDiTXzoSRfl6iX1wU=":{"valueMac":{"type":"Buffer","data":"ySEmuocR2U70tTMo/doXfH6Djng7+KPZXVlR9iBv84E="}},"02kIk1EoSLB2J8qMECfudvyXaWBYJAiv3OmArUgPp/I=":{"valueMac":{"type":"Buffer","data":"LhAfKHoQREnLoK/dDi6bQnHwX8i8u5IOGkuAQdIcWls="}},"0+l2WsagReC2qE4H7xeUqr1XI9w37JHXzopWOdZ4cdk=":{"valueMac":{"type":"Buffer","data":"FFErijBJa2StdIJ0ydoXGR6x0HDInSyk2gw89AlP9Gk="}},"1qEGXbiuGzFg1SQhTXl4ddXIg8Tr3Y19lxu9M+/nLj0=":{"valueMac":{"type":"Buffer","data":"2+4dxeRvEgTEsiJsWvVTFRiC2v5gQLMtWIjDcFLml6o="}},"2w4jKXQ61a1zz9z5fb7yXrjn824BHGAeKnu42ZI2pZU=":{"valueMac":{"type":"Buffer","data":"Gi/BVWghr6Qax83OzQMH0zqhZ384vLpuIOxZtPJl0eM="}},"2zcRIMtFnwfpcv91ju2J/uw8ggzbeKz3Q31zflxKab4=":{"valueMac":{"type":"Buffer","data":"rNsVau88NN9edZISaDI/iBeH/8cUehvNGu/XUjDPoUo="}},"3Hn9QBTjWzNY9gL6nKs4hFgKm+qMEE24zCu2auovUEg=":{"valueMac":{"type":"Buffer","data":"KbcZ2Vg6TVzJPqkZy0wwxEceGM8QVGiQ/Ihgyuj/VEw="}},"37pb+eeCEoQjqWgHln9iMc10ABFdlT+X1B95SzXSpvo=":{"valueMac":{"type":"Buffer","data":"u+q6IqZrD8LNIUkCDpHpV17DRxbszpfDTNTSCMhM1Ww="}},"4E0AUJ3GE53XJidbvDJzY4jb3d0wFUAU2cQ6qfxF3mo=":{"valueMac":{"type":"Buffer","data":"sQeCOA+mg+sWEXplqQ+64fbMZEb85SUucM53H/IPOf8="}},"4jyY6MLtw+UFXnYAOP/s7Lu9BEzTjThk7h/YKLjVMUI=":{"valueMac":{"type":"Buffer","data":"QRHdpeUlrq3aFcyEFHnlQnDkYImSTR/jNVnNLrzEVHU="}},"50j3tip6h8cRZ3d8SD+QkDtj4zX9hghWupxc0kwhNjg=":{"valueMac":{"type":"Buffer","data":"lEgulojnnLMjccLEDERgVbEseSd3ej+Iiqr5cVMq5+o="}},"7FO5ye24kenWheL5aZ8qZDiaebU0pDmXam0kqdwQ+Og=":{"valueMac":{"type":"Buffer","data":"gy8KUF5Men2XcgudlSaaANSPzG7/Zkuso77QPn8n85Q="}},"8NQE3a0usUoTqUTroFxv+oYGyZ9wMPbdDKUcHlvgu0w=":{"valueMac":{"type":"Buffer","data":"ZT+FCFv7i53uSHftCzrZ0/tgt6suCd8U+1ISglcrh44="}},"8ZqAL3mDpphn95myYpXBGt2ZvFK7a9hf77uUuTuVlMg=":{"valueMac":{"type":"Buffer","data":"ai74dE4sMvRGvFPOiS8sa8BNDk3/dZFYzLNCJjC1hAc="}},"8iiez3Gnheniuf6YZxCk3FP+8t6HQZAmKwtxIDe/6b8=":{"valueMac":{"type":"Buffer","data":"7SBGwGk7BSYKTTyBWSLy+D7h3QLUJaG0dV3YO1mCkaE="}},"8pRZ7tT0uLt/3w/1tfAKRax6e2IeHyuuQeoVdDhF8ZI=":{"valueMac":{"type":"Buffer","data":"FzYsGqwW5sDADydw61oTFGH1S5utQJwhrIM9GAjCWrU="}},"82Qc043G4T3O2n5tw5QivRA4/POyYjELEjp3gU6QEgM=":{"valueMac":{"type":"Buffer","data":"/7M+SY7fPAts+XG8aFg//Tg5GZUWY9zpWlHXtHolC98="}},"89PXWrdsELbZ9CY4yVYx9dFGAIrLb78kwKGDL99hykw=":{"valueMac":{"type":"Buffer","data":"vEc9yn3i2pT249NohVfeMhadv69I1incIZ119ggSozM="}},"/nUPXOi/uGlgrYBtI7NfELqlBUQ4XPaOJ4MOV8Bhpc4=":{"valueMac":{"type":"Buffer","data":"Zdmyo41fVfIceGZGNIEk32EEAo9gZW9+H7OaAheS2Ag="}},"/tjl+C/6Yg+1X1/x1SSFU1WI4Xgqn8E63kveEPhkoHc=":{"valueMac":{"type":"Buffer","data":"D8n+7r2e247zEM6EsmbAW0b5FeNpkboMTKXwDj4fu7c="}},"gDM2Jq4wK43BA13eToR0Kf98Vx1CYx+tbqD78e/JStI=":{"valueMac":{"type":"Buffer","data":"mfFi7/cIpXkAfqmxQKO6ESRytTqiiJFTzNkBBljR8C0="}},"5GgpyQF+SHLQur4fBTs9dk8ZrF48qy5apVQTeN/CMfE=":{"valueMac":{"type":"Buffer","data":"dN24aWY7AYW/ix1pFjqU8XpT38R84sfmlOKKWcshlSI="}},"NFqRs/+5IVx28aAbGppiM7oLMetoqa8a7NCDFY0WwJ0=":{"valueMac":{"type":"Buffer","data":"bR5p53RqsX2bLUg55rYSnyJrhYGzxLaxAwcwMjri9RE="}},"EP2TWav5AjCbUZnb0QeswA6W9o+DN3JivVqKKziIMAg=":{"valueMac":{"type":"Buffer","data":"INYzMMvcD8q3Rw5Ak0D0ODFHFEFAOzRm+ULdXar7nKI="}},"OEvQSgOq+OzU2YGHsIpcTdLxelrBzXX+C64yRedD5aM=":{"valueMac":{"type":"Buffer","data":"+afxYrIEHvLKJM3clFe2W72WHqAlUgKKF4Q5Bnn4eMw="}},"XRs3Co8Ix1dC2JEw2cFg5B4Br3xcBKlbvotc7VgTmaE=":{"valueMac":{"type":"Buffer","data":"HRfm9lxVMf6M68z+pqZWmL6h01DjtfaIQtljbFIeYEw="}},"nv5ODTQeST3mZ1t8JLDH4SjieZDpsqqpR68y0t7fP7U=":{"valueMac":{"type":"Buffer","data":"WhOJE50jxTZ+es6YD+P33WRK+wS5AY7MIKJZ+OsPM1k="}},"XlHihxha3qzJj7w4dLn9vIg0EEwHvCP15bWW1ueSM2s=":{"valueMac":{"type":"Buffer","data":"JPauuJD324zDTK0IbPdoyqsrkDNU9o2C0t7QfmCcpdc="}},"xjPIEqXaruDOS1QQ/OpGB65Rx8IrmCGUEL1K842PzmE=":{"valueMac":{"type":"Buffer","data":"KntLkxl2wj/bGoond06OEgGDb9oOyBKkjVAOjhpIxfI="}},"svOodvmEhyCxoPlAqpwNBkZ32+18lVLxwvYTuPrAMEU=":{"valueMac":{"type":"Buffer","data":"HKDdVNY7zfDKUxwvB+oBHjNDxYvvSKzBf5ddUX/LvcY="}},"ykdzCeDqTwytf3AbfSQ9VdewID4gug6wWkELXzYDI7c=":{"valueMac":{"type":"Buffer","data":"eH7hl8Y+ObT1iYCuLjqAxxJhNiIVGEbYvwAKS2OQEQI="}},"yNu6FsHDIGU6hH36NDNAqqA471tidpghFYfII2ncAHc=":{"valueMac":{"type":"Buffer","data":"g84uHgRowEUYFhApCfO/xZaK1Sw2OeIgchM49umIq24="}},"v9Lo+h2AzRdJDdQhVG1h1Acm1F9wOZyGvGh1o19z4AY=":{"valueMac":{"type":"Buffer","data":"d9dLxZD8QpqHWRHdq0C1AhL6eXxFG1dSiYwNouqhRtI="}},"CqsBLEehSAREvOq8ACjSqK9gFmFfZLzDqY2XqXJTVls=":{"valueMac":{"type":"Buffer","data":"4g9sAYKCBJVxk0TcC28xI301g7GVR0+TV94zlJsUZDg="}},"Pu6HyIwAfcvHy8KXS6pctGO6vyqn9wa/LoMRe0v4f9Q=":{"valueMac":{"type":"Buffer","data":"mdNi1chbm2yvobSz2omjaYt7vCKydLdYyPzvBTUg/74="}},"Vz4blGODc+uKvSiNhjjwkANV0DfRw28cpGKfCU1okfk=":{"valueMac":{"type":"Buffer","data":"0Ol4BizEAbLnrxJkDT108UZ3Em8My7PG67qHtRa/jjI="}},"boU4TmHUVh2fxllynDxNBt+Ey9iFdcplTPfTb0BBj9w=":{"valueMac":{"type":"Buffer","data":"e0QgFBR9z0MeRVpK4j0b1OFKB3s0uOfkslJwVvAIQSw="}},"kWe3lcWTcNoXtZwxj7td4LJIuDlRIiM43zrzD+L5vcs=":{"valueMac":{"type":"Buffer","data":"yDudWxxPNQTWx7Wjc1A7s3FeZTSsAKuu0d53LzN/vGE="}},"b0greaCgthmW5z/68HLNvKn0EhI0B2zXczMsvDnpPfw=":{"valueMac":{"type":"Buffer","data":"JnqOpcCH5NvUoh8chXr1PRt1q8zLV+gp7RkTiRPwZsM="}},"a3UpLwZWAGZPeQRswoO5T35wq/V9v0t9PZWvgvtxBiM=":{"valueMac":{"type":"Buffer","data":"+U4dQBqrHwianG6P9hSt2fUvC5jnpZVqqGbo4xlb/GY="}},"oTpGmMpYYZkMD3CnkeCByTKrNNbA94BgL9ldrQS7Sgg=":{"valueMac":{"type":"Buffer","data":"Fv3DeC0z/D4eexZoKTs+Wr3OcV0ik2R9/wb/vqzQNkE="}},"Y37JU4ZPQiQqa6pM5Fwbq6tthtdmqAGvdNKuDorZtHc=":{"valueMac":{"type":"Buffer","data":"IlXoAFQEBeX6+mxPn4c3nBw53RulSDjB7afiPOydD/M="}},"aFG0s8nCTedNv3j17MWmW7QD1RgIOG4mint5ulCjiTI=":{"valueMac":{"type":"Buffer","data":"2aHq2upP29ZNaowcPswjbLRFYiMNBQ+UyT2klo8ZWjk="}},"UzS3pQlxopo2VSHFUNtGeyDRSMZYAs5P8m45AtATwmc=":{"valueMac":{"type":"Buffer","data":"Uw56wNPXoHC6n7DUqj1hlqcQ9dBPx5YK2O+TROv2DtQ="}},"il9mphphQ8NsW7rJs76k0qlsVwD0eq3kjQuxirO4oMU=":{"valueMac":{"type":"Buffer","data":"Ha0LR71UE7O/VIQo01NU5RwknzNuqw8lEzHbLQkokzk="}},"F2tV2h5H2t59zLL+FD9jeqnClj4aCsszSAQfzQUtgNo=":{"valueMac":{"type":"Buffer","data":"qJ8LSS69H19QFwklsuIq934IInB+iXkUnGZmQ7jG7xU="}},"ornNPkMRQvV8cF1mseETIyEcXXfWWv4xiUsIBFu4t2g=":{"valueMac":{"type":"Buffer","data":"d9bvv1vbfb0cJAaPVwEytQ2KXDuPTFaqskkUdbYt4e0="}},"LOo4a3pBNSPXBAxmgu268jjCSpT6BcInkL7ekfF+KyU=":{"valueMac":{"type":"Buffer","data":"UEZ65jC5VIc2nOqz7KmQAAEYUkY9Vl1E0SckCWE14PU="}},"heJICOSsgg6w/wf9eISp7X3RvqU/r1kX+Ob9QprMUSo=":{"valueMac":{"type":"Buffer","data":"JCmJgt0hqWzbYqHlk8TxWhDoNZHiOcasWaPSaUQyQo8="}},"DowXS+erJE4blU2PLVPT8XOP+0UBFvLO35zBuAkjeU4=":{"valueMac":{"type":"Buffer","data":"Yow9EQdu1Wz2rJJGuakWBvs7s7HliLGTheyNATqej/4="}},"vWy3reZc9zwIQLqiUKgXEARwbf5a9h/B/fJxH6eIows=":{"valueMac":{"type":"Buffer","data":"HXbqBcCUDEKZmW25sPlzV5Qc7seGDOv/LpkkXHJwbw4="}},"9c84y+UPqDh+0bjhyM7tsbXb0z7gK0lZk44Tc7M+2Uk=":{"valueMac":{"type":"Buffer","data":"SzqIoMEtgpqLT7tbnrfDLgyYrxtusxk4eOmu2L3v/7A="}},"jxCLpxSR++70FKtxg7CPYIrXPiLqPNQ6pyhoqzsBMYM=":{"valueMac":{"type":"Buffer","data":"vHQDrB4ZC9R0PpJwD+xvuo6K4vJmQyhH2lYczs0++wY="}},"2WWboDdWb30Ru9g8v9crLOgVm/rznOt5GyvuT9EdKeo=":{"valueMac":{"type":"Buffer","data":"mTstaWRUd4O8zZb20ggAexbiZvJplKN8fdR/z1B5rXs="}},"nt089JmCNEkJjUumum8AN0oFs5fOmDU6AFORdJsGWbw=":{"valueMac":{"type":"Buffer","data":"AlGHRkhTganvSLpsV1SRimvfzHbmZNtAeuLYAPdkIp4="}},"YLAstGEGqso2224PU4jdBW7RonddOrzh7Qc7rH5p04g=":{"valueMac":{"type":"Buffer","data":"+uCvu73KYTl6BWa32Io4Mjw7W4Gpt4/Tozu0FVOrPJc="}},"mH4Ibubj7JeDnx/nrJxDtXKwEC+Gk21eOOcXUQwcD9M=":{"valueMac":{"type":"Buffer","data":"f68BTNtVXYXNAcR0MMyfoEngvDiGLl3qh4SJnV0Xtfo="}},"TtFCaWn0nWJWml0VXbWLCkTf6qzU1TmGnaZpgB2VEy8=":{"valueMac":{"type":"Buffer","data":"xE7ovCrbxm86xXL1CmfUX8U/mTRlPOe+he7DEnbTclI="}},"40m8Fu8gnhfy1/rRIBmYJ/uZtyLKgLAgHaWcUXFkRRo=":{"valueMac":{"type":"Buffer","data":"uyUGcEF2F6bckQgiyAay7kwIO8DupUCEC/AmGBzWIn4="}},"MkimNBq+XKFW4l0yyHDp/nVuGVtKw/UtQocZ4+CWKKo=":{"valueMac":{"type":"Buffer","data":"3ZLaJ6lavK+9CwjJX72URBV9EntonsC2NNxMyo6yUEI="}},"Hb9DDbq2+P/BufabxuDHHpZj5SyNB9bkyDJd84Ug+qo=":{"valueMac":{"type":"Buffer","data":"DS+me+PxXcTeZ+NypjsxpFErN+INZ64DIUDLirPdE/Q="}},"YtsZEjOOtdtj+Ga5GlYR46OYEslGQPNAGok4UtgQJxc=":{"valueMac":{"type":"Buffer","data":"vHeQ/KtXS/0pXsQONhbJLAvtavk3MZuv7TZlFe3C/V8="}},"IA3peNXulA2ghV/f6fmjdYjh/L86T5jbWoji7HiXsEA=":{"valueMac":{"type":"Buffer","data":"l+gh3TzKGwv8AzG02BkYfL1Lt+IqRwb5iKUHA0iQa5A="}},"idKCgocA2UoXBwuB/ZZRNRd39ISIxOmhtrmE3jl6GyQ=":{"valueMac":{"type":"Buffer","data":"ONMvYzIvn49oVFcrXb4nr68WxXqx70EgI42LSgbwspE="}},"vIdWwfJ4U34cyDpEBZaakOaxhz7/KW7Fq0bKWgnRRkE=":{"valueMac":{"type":"Buffer","data":"u0AQ/sdcvIDNE2niTg6L87cfg2NutEmNd0uff0Z9JQo="}},"DKkE7mfqopDCc8TkZXcL8WzIiiN3yOg/T4c8EQqbCv0=":{"valueMac":{"type":"Buffer","data":"TfrSQwh2pA+J9um6ooQiBMSKxW/tXAyd8Vf4ge2yueE="}},"8GIF8wUjjffj1fDS+ePFNLJvmeVtQSyyi1HRZSIXtxM=":{"valueMac":{"type":"Buffer","data":"xv6IxYVwhHgUP44G0sF0wA28IVtBw5Md5FDVPdaG1Hc="}},"k8qQzgsA8ibVqajFR+zZHlG+ODOZ0brW1hXCty0JzMY=":{"valueMac":{"type":"Buffer","data":"iS7o+DbnSaMGDvC4yX+iJtGwhLIznlifvejt/X2Z88g="}},"6olB6tmsarLlDFmkTf8F7+JS9WGTqlfzAfnyXfccNrk=":{"valueMac":{"type":"Buffer","data":"RHh4lSfz1+Hd2NVMycy/fr4tYtN9ywZi51gHF/ujpUc="}},"xl4tiVt5kqdVGUcS7m5W6toF/YsU53ahr3du51/hz0M=":{"valueMac":{"type":"Buffer","data":"3t/XPOdI3m4LvXT/Cr6zDo2IXdI/5ppRVQt9b+mqnBs="}},"QweK7+Qthm1dyJJgjg1GEXLZmpJ1icpVBKu3w7BuAZI=":{"valueMac":{"type":"Buffer","data":"/Nt9tlW7ApILxGOdfnC70lO/L9C3vDEDmrOLh845ppg="}},"6K5sWRt4TOcxpD+/weAE/fzMPqTCYBIGZMvs/d9S52o=":{"valueMac":{"type":"Buffer","data":"OwjLUOiVKsDul5F77Q1MEcwvLMYXgFc+Pz19dO4lmtk="}},"PKdavrs2dP5wWrrxGVWRapbxdQ5vZ/LsB7doWLQk48w=":{"valueMac":{"type":"Buffer","data":"eN32aqt6HQNwCJMoUH6rxblvZjihwW3TH/hMpLaYXZY="}},"kG8easceB+p/FySxBwQOcEqXR8SUQ9gRB85+zTCaGiM=":{"valueMac":{"type":"Buffer","data":"/F6BQLhrj+VfuDxIi2Ocq4TlXeStlr5v+3zYnPetzHg="}},"v+04cRDGkim/itAKvOpZbSTOLM7RpDrKWmw0fSeE4YA=":{"valueMac":{"type":"Buffer","data":"PHao5yXjmXzYQYB5dTyu8dAgSR4wv7DnY3Vpclq7Cjk="}},"LGfQxCKIrnoo3dX4kw3rCZjuADa22k2Xi7fh1IyTDt4=":{"valueMac":{"type":"Buffer","data":"/ybjApSymSL8x6XsatvN7waqD/9pIbvf3oBrG+eRZr0="}},"moT2B8tN6zlKkPHRBr30bRIyIThgU0k3N7VoKVnbAr8=":{"valueMac":{"type":"Buffer","data":"GLxitrDhD1IC9XhtBYE4TBykT3PzKqAcS+UsCfKqDPI="}},"AoBnra1+911/N/Gr5j56XYpYSLts+7VsQaPyd5XBNic=":{"valueMac":{"type":"Buffer","data":"Q3jbdts5cIvOcparGAnDktWlsIga7lKxtrDVp4zfIMg="}},"XyJK1ZeRDqDqiPEJ4KEG9y2UpjMc9g40G2KO491OS2I=":{"valueMac":{"type":"Buffer","data":"plAVFCwIRRg6e793QkG913lv7oXUF7GIRxy92tZTofo="}},"EpOOuNXRyeDDHfky13kbt0fnPSR/861dJRQPhTft8CY=":{"valueMac":{"type":"Buffer","data":"+fEi9c6K4z1TMNa3G1BNwkNzDDzd7cChCFJOUbMtVR0="}},"PmqmjT/P1v2m9ro1+HRaAKMp+gPFyzQLAR3xJw5P32Y=":{"valueMac":{"type":"Buffer","data":"ErmPrDm0c2dgwYuUTTfFDjMgJO/H+Bkuu6XnQcQXqMM="}},"fCXquaqixKf7DnQVVMYm4nJ9j05FCrqf6VLDs8/EtFI=":{"valueMac":{"type":"Buffer","data":"xzmWXdk/Lm0SSQUesFgFrLUME69BzySkg5ZH64U8siI="}},"V753rkkth/16AADnlgKYPIgCWc7+p/7sPbYiia0INDs=":{"valueMac":{"type":"Buffer","data":"FwaUARD2Pxunud4A3ffe4N0WWpG3j8+NINVGuS6zI98="}},"Fzp9gJ0QJJc+piiDrzR/86lrHXjaL3390UamQH/M/Og=":{"valueMac":{"type":"Buffer","data":"Mwcqwqkek0kkiGXg0MUwtNhKnRrH4MhXd1DYgejaxlc="}},"3qhzKkSSIL7rPGE0kQetksowccnZ1D8gy2lD182C+6Q=":{"valueMac":{"type":"Buffer","data":"WBSC/fxnlML6vekk0hEgHp66YnyCvYd7elzstb4r7n4="}},"zXTCIuo9/ePienM3WW2nlSJQ9+0hBb32mQrtGJVxynE=":{"valueMac":{"type":"Buffer","data":"wffYAwRniGqvQmsej6Vu/VIv4uSHbbvqFAYzIaVRuKk="}},"WAlbatJLDRO7MorRsjndIZjzsa6CCbRV4uDVJpHUa6Y=":{"valueMac":{"type":"Buffer","data":"hqv4bvdgYEWkP3hiaythuiqkk27BF4KE+Jc6dAWPoyM="}},"hPtgxMGUgLYDHSST2Mvruu2yd2LKCXsRBkBo8uu8XcM=":{"valueMac":{"type":"Buffer","data":"QXMaQS1+H2EAWeKb98aWowjN7qNXD9zbHs9y6Tcql2g="}},"X0RGNDXInk1OqlBxoOeWfRWtliCp4ZaPt2TGPuYpFx0=":{"valueMac":{"type":"Buffer","data":"3H0pUwZ10OftLzgLCIwBPlLel2knriNd5WfJhO4K6g4="}},"XiTlsSrQjEA7Tt/cbBO689rAwmZ2+v98n+jphJ5rcS8=":{"valueMac":{"type":"Buffer","data":"TtdiFFAsjFds+MQjlDOsI3Ye6vXGY7cKWJm28IBWj4c="}},"a6uJLItZc0anZx2lorcKjWE5IC0FtWdKLYp433A8dRc=":{"valueMac":{"type":"Buffer","data":"yZv0JHeij6EyshnflPjSARRBE3xKrxbdPF0PCvzbBvk="}},"llIVFp1vARkUVm/VOS41YsOz5htIIN1fP0bQ/OpKkJA=":{"valueMac":{"type":"Buffer","data":"ZWYALAzsb+n+W9Yu0Ugeyl8qbrwUI9cJlCZp4MeNF0A="}},"hVDp67ypsjJQH6evHyxdzrPZoz6JuRwqD1ts2GeYax4=":{"valueMac":{"type":"Buffer","data":"ur9d7dtRlIamdgQZZ5YUIA0JpSbnrt65OB1XSeYG5O0="}},"V+nAJOGxWOUDrMDWYxLGIGeXRKwpJGTnoKSAioimOTk=":{"valueMac":{"type":"Buffer","data":"xc3Jir/pc9jnmYuPkM1CrxEugm/a2CrMuBG2opWPTEc="}},"cpi6/OGwivhBSdT0yykKU3O9dRLNPCsZePtcfqPiPGU=":{"valueMac":{"type":"Buffer","data":"DBbRhXLQ0cpZBB9nn2jiwE8ke7bLJ0szWlxz1D/2CSY="}},"e7zyodUGbhQ8zq4aPMt1JKRbSxtH5QardC/m4e6Txtc=":{"valueMac":{"type":"Buffer","data":"FRtJiWNaJPIMbvdC6Yw1mcK+JBjuGprCLTZKA66a/Ps="}},"6amnWcb3v+cPZP+vo5vcCk0tNaLb8gaG8clpbFIvTFM=":{"valueMac":{"type":"Buffer","data":"udnFUsKXtb7yT+211sbJDdi5zql0aVVCqsGKQqnKjHQ="}},"4cU5DqT980HJoIMduooCOanqUkwDS+oL8WC8Uuxl5Z4=":{"valueMac":{"type":"Buffer","data":"DVeqeRT60MMAYMhCQ/2e9z7PUr3T4G5vPDN1U61xpOo="}},"ze+WGM9Iek752O4hc1Ho742VDcprvXcmILpl8CX2nLs=":{"valueMac":{"type":"Buffer","data":"zOJ7sgRqQAKpQ2J4d54VauqVqF6qZr3LYmVvxCcHcrE="}},"wwZAGZfOQ/6oW2n8Ul4GiCKAq5bXppYeW1eIV3/+E1w=":{"valueMac":{"type":"Buffer","data":"zwfDJR4m0l3OBCeP6hLdzmh3CisvEqLbFD0pLiOshwQ="}},"zeD8ul+6clsI2/6F/ePE86gBD5XoYtgcpLwTkIaDFnc=":{"valueMac":{"type":"Buffer","data":"ezPumTrxkEI+8K/5n+ZNnV5Eb+jv9V6amTmRa43MPss="}},"RUZe9U3IzuUBF+WrSixArzKOUh+uicVOEfLJ3tLs1KA=":{"valueMac":{"type":"Buffer","data":"fnMvNOpatQIxI6jL/9oh90owYIliVf8uNJuIxwUlySU="}},"hvtWdnGXw3WSifk2u2qFjaevfzNftceIe25QDqoWJTs=":{"valueMac":{"type":"Buffer","data":"KgPSXuH5RsEeB7BPpl/xgVue2sM954W1KCQz6D2RmQU="}},"068g9n4x6PfVVopS42zY2uMwdxlqBLSryCzgQHPUNAE=":{"valueMac":{"type":"Buffer","data":"fnY3U0g/O+vV1zRHIDW69dCmBX3A2ebnUwMva/0oUFQ="}},"m2cnWQ16/KQCt34mPwdFtcUzmlfst4+ZTPoDhN+8fE8=":{"valueMac":{"type":"Buffer","data":"+l21EAdKkwCWDu+vTg+F8/aSEdrikDtVKzgACm7ZzGA="}},"g8aUk/hrKMo8iiMJmj8uYODQ3ZiyPDCzScKv81voXO8=":{"valueMac":{"type":"Buffer","data":"hcfJ3mLRBQ+1Ug2dtyzryfkW2Pq1d4x6tF2l/mUUtUg="}},"JJ3X1w+TOdU4sJkrNeLamlJwYAnMraHcpHTAV37tID0=":{"valueMac":{"type":"Buffer","data":"MoueI1CRpA+AdCYPHjSYIp8oRxxvlKJyGLOS+krF7qA="}},"W6buMHAyfUjooZfFdiRExyWGFDGLfC2derPtsv8Izdw=":{"valueMac":{"type":"Buffer","data":"L8fVN8AWYQ3fNGfWk741A8+MTxxNEyJmC+0gOR5pNio="}},"dxprvKF6tU3BDnethvZjkjTUCalQK564n18/BQx36/I=":{"valueMac":{"type":"Buffer","data":"tBo+JLJMbtlU6Kwre26BkKQAAmtWFV469mDa5nIXMZw="}},"cCUw07Ckjn7n/Z/l3LHQj0FyCeIvPcTTWRYvM2pZ+nc=":{"valueMac":{"type":"Buffer","data":"gUz9wzhhPVpwwPRVu9T8qfsGiAdLysT6aOKgx3hUKZQ="}},"1V8TE4Yjh7In7ocmqheU3r0cMySM+LXwlwPBhEXz2vQ=":{"valueMac":{"type":"Buffer","data":"G80IK2O+RXteCudX2DPk9ITiKXblB1178pJoZDKqExk="}},"fYuX5n9CjcW+tQQkD18Dtb4zlbP6vxBpJTK1/OSvfo0=":{"valueMac":{"type":"Buffer","data":"lR5YeTd65zN88NcG6LOHd7AZ770nQgjfFrcJhhOTFOE="}},"S5RyjrcPOAWsARuGvWhJ4DNiCoX8NeGYNdnwKmcT4Vw=":{"valueMac":{"type":"Buffer","data":"rBodaLE+pGC1p4bqasTaUUWE58fiDho0lH/6f7hRkC0="}},"0JQAxOceVjyqK+eALkVnVVepOw7c2X1nws21il8HMmc=":{"valueMac":{"type":"Buffer","data":"z3Iglfc5b1xtFOh9YDgCm6n1iSFG5IsjL0RidA+nbrg="}},"WiETSyYzFW5x7QhIz/VV5qvxqybOCTMY870I/Gp0MIc=":{"valueMac":{"type":"Buffer","data":"Guy/ixUCXTjUMsC+v1chTMy4Sp82nhsqSALK0Pj4LLs="}},"SK5+qC20mMPYIOnHBHm5BCZPmRVm1AT6rQqVKaQCftE=":{"valueMac":{"type":"Buffer","data":"xF9mNhQt+zNr1QO9nDu1Xa5g0dv6B8kT1SjF/ytHYWU="}},"ZDZakb0dyuw47A4kucnRhINw6Mce8SFxGfFm6VnTFZk=":{"valueMac":{"type":"Buffer","data":"kDtvtmnCSranG3rETJKLzkbM52lQSxo4KPl4GIn25As="}},"cbs/pbRrVt+Sa6/kBuKW4VY4pMy9xzMH8to+hepkJwQ=":{"valueMac":{"type":"Buffer","data":"5agBDn92WD/bxge1RbWrs+weTqUk5+stQVZFmpsG6Ck="}},"ON3ZRi67/K2nkNp/gqV+lEa5GxzIc2/ZXBHID40+FvY=":{"valueMac":{"type":"Buffer","data":"rq5WtIChwZGj+UXu/I5IcGGFLd5JcNHzMVkXlCCXUHg="}},"CL86j8LtViVQ2S8iJV7KVe+uHEhkD19cuMVWEqqmtQQ=":{"valueMac":{"type":"Buffer","data":"jpb79S3ZTQ5RYTCxB32dekyGYhXi5nYPMRA49ISPeko="}},"9KRVAX2GgYmEDVCFxcZdG1pySZb3X3F14imDE7hYcUo=":{"valueMac":{"type":"Buffer","data":"YqHba1mHTutn628m+51OUTccjTwCtsT0oYgcN5kWVkQ="}},"lIl5fYt5aVOhffB0TadattyzNmowWWUf6ziRKzdABIM=":{"valueMac":{"type":"Buffer","data":"qK0qonoTPpG7OmimIInxJsUCOkDE3P8Q7u3sjpUFIWY="}}}}