{"version":15,"hash":{"type":"Buffer","data":"Ch4ryRheMhe72kfLOKnkSbFUhAWPdmPFEvU0OxnLqlD6F1moLhqUSXhcMfDi8Oh1t69CnaWyhdRliubyEPwHg3QYhGKch8C25UZtmD8K1pmZqXYAHoZJZgc+HDKyUh7M2QRKgQOPFimb6X/dqfN3QU5GSD/VcKcFmzf7Ozu9LHc="},"indexValueMap":{"EeL3DCyI2blDzPSbpD+pONvLVAZNDRNM4KWH5ID/Reg=":{"valueMac":{"type":"Buffer","data":"Bu97s3XQg83XTQzrNVYOsUUWnS/7T8D/Mb1Pkh5oF64="}},"F0FcNfsYKD+6y/gQSTkloVaLAzX5sxTpzKmnACOBhw4=":{"valueMac":{"type":"Buffer","data":"/rt6jgkS3kQW7nj9PGB0nH2rJd3elRgoQZMTCbxI6Bo="}},"NzHDaXd4bQA2odhBaE6QNHuv5TyJxWlHMGrlGL9iILs=":{"valueMac":{"type":"Buffer","data":"2wATlunEhc7B4xZK7SEBXzJ+Qmd+Pk3Zya60LysqI9Y="}},"cuNjw1pkTOLVh0nW8Ny93u600mfG35NP57ftZ0dKY3o=":{"valueMac":{"type":"Buffer","data":"5pdXcn4J2gVjn76ziClKvZJnJZCe3nkl91k6uhTMIk4="}},"daHXphJgohoD1+unfGKhrGFiMx5u9iOwKw/vQd3JJCI=":{"valueMac":{"type":"Buffer","data":"i8s692WbahlfdOOuXOI9eUYxRLbFBY3AaOE6H0VOALU="}},"joKmEKfdf6ciQAPJepJQS/Or/gmty9WPjiZPbA5CMFQ=":{"valueMac":{"type":"Buffer","data":"DiOf4FzbkNwzkjtn9EwzYlRk/BmaP5M/tlQDKtO9pp4="}},"kPCIj98u9M4tpuWvPuQeYk4dFvQG9uMQUe9dpAe0r9M=":{"valueMac":{"type":"Buffer","data":"8QNOWX3cOlGLZY3e/0idk65VwMbLV4V2p1z1Nrsdtao="}},"lCIcTLDpet81+PVPA1B0A6G7+a0bShUyq/TdB7TjpfE=":{"valueMac":{"type":"Buffer","data":"HaTXIzWEsoSDP+IHThQrmY5SPYD+g3RJC1sSUB0XTHk="}},"qUfkWZTa/G/f35S2sr0B9PjHqxL+ku9JvSSPD0VoI44=":{"valueMac":{"type":"Buffer","data":"+SO/GIwWGXX3FvLhLQN9WY2QjFCPEp8qKd7n5vXEalo="}},"qmVTMcntSEwwqJfKQRl/hhcqDvmvY97NIJLOmISdaKY=":{"valueMac":{"type":"Buffer","data":"TYj9m2pldwnsKKFBohE20TeB4Q1lNl+6vEEBfkQWBng="}},"3Ze8NavDb0T7nN5Cuo4qgyyzKgQiiWC0Q6Y7UygN9y8=":{"valueMac":{"type":"Buffer","data":"bxmqnPD+uUOyXc19gwF4LRmi6raqi9JpEgto2nRT93w="}},"4OGvVhWDEWxVVdmEOQBtMf7goAk4B1wB0sux3/FQjVo=":{"valueMac":{"type":"Buffer","data":"bd04Dhi766GNhmXdqE6gGhrn8kcbJC43VBoQf3aIFZA="}},"/DqSnh4PHuxjmCChdMaNPc/z5ey2uYEb2v1q8fY7UZs=":{"valueMac":{"type":"Buffer","data":"ELM7PsPA6XsTBDXCRU6D5PuwoNuz2X/DSc/GzAcnbOI="}},"jzXRI5G6Uo5drS3fwkbB83GLPFepBkv468yh/WgsuX4=":{"valueMac":{"type":"Buffer","data":"pI3IjkFMseaqC7AqUE/60urtlhKSBHP6Uk5JXHuD1/8="}}}}