{"noiseKey":{"private":{"type":"Buffer","data":"oLzZ7ruVM0uZ67ZJr8mkau6AhJ5HvNEWa5/ssorVdnk="},"public":{"type":"Buffer","data":"gegq91TVIOISWX7x4SfnRnaN6mUrU8wZaV3awff4GTs="}},"signedIdentityKey":{"private":{"type":"Buffer","data":"KPVj2AMTiKVZMQJeD18Q1mvBtE2y6Okdn6tPtEVYrmk="},"public":{"type":"Buffer","data":"fMRItfyR7OQHURiDsZeXmZLVjciargkeUPy9VLt1b3I="}},"signedPreKey":{"keyPair":{"private":{"type":"Buffer","data":"gD3IhCtUaWnjOy3E9IDVm27T/4tzi3wuQA3dhHJalVc="},"public":{"type":"Buffer","data":"P15+YGyWvDYlmCfiGJXPgeL09+v9arOFEwPkeWYFh0Y="}},"signature":{"type":"Buffer","data":"xPhYz9fA5uevU4J220ap0EInQnMA/jo/6ADoapaqcB+IbQrZoFi9tMGOjmt20XaFH/AIcoh4A83YLE3HAUssDQ=="},"keyId":1},"registrationId":20,"advSecretKey":"h8MT/1XjPZGXGPLWe9yJSaU7UBjIjMcAms9sKUwfl/4=","processedHistoryMessages":[{"key":{"remoteJid":"62877501486713@s.whatsapp.net","fromMe":true,"id":"07D7426207F882FF80FC5A429F1E52A5"},"messageTimestamp":1692935971},{"key":{"remoteJid":"62877501486713@s.whatsapp.net","fromMe":true,"id":"80243CCAD68209BD130C20EC0D7A480F"},"messageTimestamp":1692935971},{"key":{"remoteJid":"62877501486713@s.whatsapp.net","fromMe":true,"id":"6D833F95DD264275BC2E352FEBD665BF"},"messageTimestamp":1692935975},{"key":{"remoteJid":"62877501486713@s.whatsapp.net","fromMe":true,"id":"18A349959BFB2AD539E939C3C8771A44"},"messageTimestamp":1692935975}],"nextPreKeyId":869,"firstUnuploadedPreKeyId":869,"accountSyncCounter":1,"accountSettings":{"unarchiveChats":false},"account":{"details":"CPzpqOADEJ/OoKcGGAE=","accountSignatureKey":"sXVVGLEBOL/+QtP7mSjcPIvBAQpDRISeHlHTL4JyHwk=","accountSignature":"Dy7aecd09GXxwtV4XW2fsl9k+qjgrZfuLCcz4hrddA1D1a2usFUlfMHpHWD5AE++TKQHP7PFUXsevCOFOABrAw==","deviceSignature":"GQGYGcBvLtSQcXWKKgGcEEwIVm0aTntcQaiERuElsROBpfw6lFNeLSeoSl1IMDfrqnY+EsUNGXN5WY2BVwauDg=="},"me":{"id":"62877501486713:1@s.whatsapp.net","jid":"62877501486713@s.whatsapp.net","name":"IzumiBotz"},"signalIdentities":[{"identifier":{"name":"62877501486713:1@s.whatsapp.net","deviceId":0},"identifierKey":{"type":"Buffer","data":"BbF1VRixATi//kLT+5ko3DyLwQEKQ0SEnh5R0y+Cch8J"}}],"platform":"android","lastAccountSyncTimestamp":1696406552,"myAppStateKeyId":"AAAAAIev"}